start_timestamp,end_timestamp
2019-07-22 08:58:38,2019-07-22 09:07:41
2019-07-22 15:24:07,2019-07-22 15:47:06
2019-07-23 04:25:35,2019-07-23 04:30:50
2019-07-23 04:49:46,2019-07-23 04:53:46
2019-07-23 09:12:51,2019-07-23 09:18:18
2019-07-23 22:26:47,2019-07-23 22:38:57
2019-07-24 07:51:07,2019-07-24 08:14:24
2019-07-24 11:04:29,2019-07-24 11:14:52
2019-07-24 19:49:29,2019-07-24 19:59:45
2019-07-25 09:48:11,2019-07-25 10:08:04
2019-07-25 10:31:29,2019-07-25 10:49:02
2019-07-26 01:04:03,2019-07-26 01:16:30
2019-07-26 08:06:08,2019-07-26 08:17:56
2019-07-26 17:55:24,2019-07-26 18:12:18
2019-07-26 19:45:15,2019-07-26 19:48:30
2019-07-26 22:02:04,2019-07-26 22:19:59
2019-07-27 06:36:48,2019-07-27 06:47:10
2019-07-27 15:10:38,2019-07-27 15:21:30
2019-07-27 21:09:32,2019-07-27 21:22:01
2019-07-29 11:43:45,2019-07-29 12:04:53
2019-07-29 20:22:58,2019-07-29 20:36:34
2019-07-30 02:20:36,2019-07-30 02:32:49
2019-07-30 04:11:08,2019-07-30 04:21:59
2019-07-30 04:25:20,2019-07-30 04:29:37
2019-07-30 09:20:04,2019-07-30 09:26:43
2019-07-30 12:23:20,2019-07-30 12:38:01
2019-07-31 06:11:28,2019-07-31 06:17:20
2019-07-31 16:22:40,2019-07-31 16:35:11
2019-07-31 21:22:27,2019-07-31 21:44:42
2019-07-31 23:07:00,2019-07-31 23:10:24
2019-08-01 14:48:02,2019-08-01 14:53:00
2019-08-01 16:06:12,2019-08-01 16:15:57
2019-08-02 10:09:11,2019-08-02 10:17:23
2019-08-02 12:33:59,2019-08-02 12:44:28
2019-08-03 14:21:15,2019-08-03 14:29:04
2019-08-03 23:44:39,2019-08-04 00:00:01
2019-08-04 06:07:15,2019-08-04 06:21:56
2019-08-04 06:23:32,2019-08-04 06:38:36
2019-08-04 09:43:56,2019-08-04 09:48:55
2019-08-04 20:50:33,2019-08-04 20:55:45
2019-08-05 01:57:03,2019-08-05 02:06:10
2019-08-05 02:43:03,2019-08-05 03:04:44
2019-08-05 05:53:03,2019-08-05 05:57:56
2019-08-06 08:19:14,2019-08-06 08:34:50
2019-08-06 17:07:56,2019-08-06 17:22:17
2019-08-07 06:41:47,2019-08-07 06:51:35
2019-08-07 10:42:03,2019-08-07 10:48:51
2019-08-07 18:22:06,2019-08-07 18:28:39
2019-08-07 20:29:18,2019-08-07 20:45:29
2019-08-07 21:02:14,2019-08-07 21:13:29
2019-08-07 21:18:55,2019-08-07 21:39:07
2019-08-07 21:52:11,2019-08-07 22:07:20
2019-08-08 04:22:22,2019-08-08 04:43:48
2019-08-09 02:58:39,2019-08-09 03:12:52
2019-08-09 14:02:29,2019-08-09 14:09:05
2019-08-09 23:16:50,2019-08-09 23:38:24
2019-08-09 23:55:29,2019-08-10 00:10:18
2019-08-10 15:47:14,2019-08-10 16:09:14
2019-08-11 00:54:51,2019-08-11 01:08:44
2019-08-11 12:08:58,2019-08-11 12:16:37
2019-08-11 15:39:57,2019-08-11 15:54:07
2019-08-11 18:30:16,2019-08-11 18:42:28
2019-08-11 23:05:43,2019-08-11 23:20:02
2019-08-12 08:31:22,2019-08-12 08:38:47
2019-08-12 14:44:55,2019-08-12 15:08:04
2019-08-13 04:41:24,2019-08-13 04:49:35
2019-08-13 06:04:39,2019-08-13 06:21:58
2019-08-13 08:09:21,2019-08-13 08:14:09
2019-08-13 09:29:22,2019-08-13 09:43:00
2019-08-13 18:35:34,2019-08-13 18:43:54
2019-08-14 00:56:36,2019-08-14 00:59:53
2019-08-14 09:04:54,2019-08-14 09:09:29
2019-08-14 12:32:29,2019-08-14 12:37:26
2019-08-14 19:18:25,2019-08-14 19:38:44
2019-08-15 14:00:43,2019-08-15 14:23:17
2019-08-15 23:31:33,2019-08-15 23:46:57
2019-08-16 00:09:57,2019-08-16 00:32:02
2019-08-16 12:13:09,2019-08-16 12:23:48
2019-08-16 15:50:46,2019-08-16 15:54:03
2019-08-16 17:00:56,2019-08-16 17:09:55
2019-08-16 18:47:41,2019-08-16 19:08:36
2019-08-16 22:33:40,2019-08-16 22:37:19
2019-08-17 00:00:40,2019-08-17 00:14:16
2019-08-17 13:05:24,2019-08-17 13:26:06
2019-08-17 19:53:18,2019-08-17 20:07:16
2019-08-18 05:53:09,2019-08-18 06:03:30
2019-08-18 12:26:12,2019-08-18 12:33:11
2019-08-18 12:59:01,2019-08-18 13:05:45
2019-08-19 08:51:51,2019-08-19 09:08:40
2019-08-20 06:44:15,2019-08-20 06:48:58
2019-08-20 11:08:54,2019-08-20 11:22:46
2019-08-21 02:54:22,2019-08-21 02:58:58
2019-08-21 17:30:10,2019-08-21 17:30:56
2019-08-21 17:44:55,2019-08-21 17:46:25
2019-08-22 01:28:17,2019-08-22 01:50:30
2019-08-22 09:04:26,2019-08-22 09:04:56
2019-08-22 09:08:47,2019-08-22 09:18:04
2019-08-23 00:55:44,2019-08-23 01:04:56
2019-08-23 01:10:01,2019-08-23 01:22:17
2019-08-23 05:35:03,2019-08-23 05:45:13
2019-08-23 08:31:05,2019-08-23 08:51:03
2019-08-23 10:45:44,2019-08-23 10:53:33
2019-08-24 06:26:40,2019-08-24 06:29:25
2019-08-25 01:55:44,2019-08-25 02:06:19
2019-08-25 09:45:58,2019-08-25 09:57:08
2019-08-25 11:08:34,2019-08-25 11:19:51
2019-08-26 04:29:52,2019-08-26 04:52:56
2019-08-26 05:00:40,2019-08-26 05:15:06
2019-08-26 23:06:44,2019-08-26 23:28:51
2019-08-27 02:55:25,2019-08-27 03:06:09
2019-08-27 23:33:15,2019-08-27 23:55:49
2019-08-28 13:00:26,2019-08-28 13:23:27
2019-08-28 17:52:08,2019-08-28 18:10:33
2019-08-29 14:24:18,2019-08-29 14:46:48
2019-08-29 14:47:02,2019-08-29 15:07:26
2019-08-30 07:09:43,2019-08-30 07:28:34
2019-08-30 16:24:44,2019-08-30 16:46:54
2019-08-30 20:14:09,2019-08-30 20:37:19
2019-08-31 02:49:28,2019-08-31 03:07:34
2019-08-31 08:02:28,2019-08-31 08:09:36
2019-08-31 12:04:37,2019-08-31 12:12:38
2019-09-01 05:37:57,2019-09-01 05:46:52
2019-09-01 13:47:02,2019-09-01 13:57:48
2019-09-01 14:29:19,2019-09-01 14:51:38
2019-09-02 07:16:56,2019-09-02 07:25:23
2019-09-02 09:10:45,2019-09-02 09:14:54
2019-09-02 10:47:59,2019-09-02 11:09:20
2019-09-03 00:25:59,2019-09-03 00:36:24
2019-09-03 03:55:24,2019-09-03 04:02:14
2019-09-03 06:01:40,2019-09-03 06:15:03
2019-09-03 09:54:26,2019-09-03 10:16:51
2019-09-03 22:27:13,2019-09-03 22:34:07
2019-09-04 06:01:49,2019-09-04 06:15:48
2019-09-04 12:29:19,2019-09-04 12:48:09
2019-09-05 15:34:53,2019-09-05 15:46:51
2019-09-05 22:16:52,2019-09-05 22:19:49
2019-09-06 07:08:00,2019-09-06 07:15:49
2019-09-06 15:13:21,2019-09-06 15:19:46
2019-09-06 21:07:49,2019-09-06 21:20:20
2019-09-06 22:52:50,2019-09-06 22:55:37
2019-09-07 00:09:40,2019-09-07 00:32:15
2019-09-07 03:57:19,2019-09-07 04:20:49
2019-09-07 05:35:44,2019-09-07 05:51:11
2019-09-07 19:14:50,2019-09-07 19:26:57
2019-09-07 21:57:32,2019-09-07 22:14:08
2019-09-08 03:33:31,2019-09-08 03:43:52
2019-09-08 04:19:43,2019-09-08 04:24:59
2019-09-08 07:38:15,2019-09-08 07:45:44
2019-09-08 13:04:53,2019-09-08 13:24:32
2019-09-08 13:25:50,2019-09-08 13:34:13
2019-09-08 15:43:29,2019-09-08 15:57:30
2019-09-08 19:48:14,2019-09-08 20:08:24
2019-09-08 21:04:54,2019-09-08 21:24:11
2019-09-08 21:55:02,2019-09-08 22:18:07
2019-09-09 10:17:29,2019-09-09 10:26:38
2019-09-09 12:14:18,2019-09-09 12:29:22
2019-09-09 18:17:06,2019-09-09 18:39:43
2019-09-10 00:34:15,2019-09-10 00:55:54
2019-09-10 01:25:30,2019-09-10 01:47:32
2019-09-10 02:14:02,2019-09-10 02:29:08
2019-09-10 14:17:48,2019-09-10 14:28:00
2019-09-10 14:34:38,2019-09-10 14:35:03
2019-09-11 02:26:02,2019-09-11 02:37:17
2019-09-11 08:37:03,2019-09-11 08:55:55
2019-09-12 00:33:32,2019-09-12 00:38:04
2019-09-12 15:34:38,2019-09-12 15:45:20
2019-09-12 18:06:38,2019-09-12 18:26:14
2019-09-12 21:16:15,2019-09-12 21:28:49
2019-09-13 01:57:36,2019-09-13 02:04:32
2019-09-13 05:59:10,2019-09-13 06:05:19
2019-09-13 11:11:34,2019-09-13 11:23:01
2019-09-13 15:16:32,2019-09-13 15:27:39
2019-09-13 18:30:19,2019-09-13 18:39:55
2019-09-14 08:03:41,2019-09-14 08:18:59
2019-09-14 11:48:20,2019-09-14 12:11:04
2019-09-14 12:11:23,2019-09-14 12:22:40
2019-09-14 21:37:11,2019-09-14 21:57:15
2019-09-15 04:18:40,2019-09-15 04:26:56
2019-09-15 10:17:10,2019-09-15 10:21:39
2019-09-15 18:04:04,2019-09-15 18:14:08
2019-09-16 03:36:05,2019-09-16 03:50:10
2019-09-16 06:26:10,2019-09-16 06:37:27
2019-09-16 22:19:13,2019-09-16 22:42:29
2019-09-17 01:16:38,2019-09-17 01:25:02
2019-09-17 10:57:43,2019-09-17 11:04:27
2019-09-17 12:15:20,2019-09-17 12:33:10
2019-09-17 14:34:45,2019-09-17 14:57:21
2019-09-17 15:06:54,2019-09-17 15:17:15
2019-09-17 17:02:34,2019-09-17 17:07:32
2019-09-17 23:14:14,2019-09-17 23:23:18
2019-09-17 23:35:04,2019-09-17 23:51:03
2019-09-18 02:50:11,2019-09-18 03:01:36
2019-09-18 06:36:39,2019-09-18 06:57:09
2019-09-18 07:26:33,2019-09-18 07:42:41
2019-09-18 18:55:27,2019-09-18 19:01:05
2019-09-18 21:55:11,2019-09-18 22:11:18
2019-09-19 00:19:15,2019-09-19 00:22:31
2019-09-19 15:12:28,2019-09-19 15:21:12
2019-09-20 01:18:59,2019-09-20 01:35:40
2019-09-20 06:52:58,2019-09-20 07:06:26
2019-09-20 10:34:59,2019-09-20 10:55:50
2019-09-20 17:21:07,2019-09-20 17:35:34
2019-09-20 22:07:16,2019-09-20 22:30:46
2019-09-21 01:25:17,2019-09-21 01:28:44
2019-09-21 02:12:12,2019-09-21 02:28:53
2019-09-23 08:22:23,2019-09-23 08:45:07
2019-09-23 14:55:46,2019-09-23 15:09:11
2019-09-24 00:30:21,2019-09-24 00:39:30
2019-09-24 00:41:07,2019-09-24 00:54:43
2019-09-24 07:48:52,2019-09-24 08:04:12
2019-09-24 16:22:33,2019-09-24 16:33:53
2019-09-24 22:39:07,2019-09-24 22:44:38
2019-09-25 01:06:26,2019-09-25 01:16:02
2019-09-25 09:24:35,2019-09-25 09:32:44
2019-09-26 00:41:46,2019-09-26 00:44:31
2019-09-26 05:28:58,2019-09-26 05:32:46
2019-09-26 08:34:50,2019-09-26 08:54:26
2019-09-26 10:17:54,2019-09-26 10:35:45
2019-09-26 23:34:45,2019-09-26 23:39:16
2019-09-27 02:06:56,2019-09-27 02:26:28
2019-09-27 08:42:11,2019-09-27 08:46:25
2019-09-27 09:14:49,2019-09-27 09:22:46
2019-09-27 10:10:55,2019-09-27 10:23:23
2019-09-27 12:38:44,2019-09-27 12:47:44
2019-09-28 08:23:39,2019-09-28 08:46:02
2019-09-28 10:35:32,2019-09-28 10:43:03
2019-09-29 01:24:50,2019-09-29 01:39:11
2019-09-29 06:03:11,2019-09-29 06:26:01
2019-09-29 13:27:12,2019-09-29 13:49:43
2019-09-29 19:27:58,2019-09-29 19:42:02
2019-09-30 00:36:56,2019-09-30 00:53:04
2019-09-30 02:58:16,2019-09-30 03:13:38
2019-09-30 07:41:22,2019-09-30 07:54:01
2019-09-30 12:11:22,2019-09-30 12:17:40
2019-09-30 13:19:08,2019-09-30 13:22:59
2019-10-01 16:58:47,2019-10-01 17:16:07
2019-10-02 00:11:02,2019-10-02 00:28:43
2019-10-03 07:22:38,2019-10-03 07:27:02
2019-10-03 12:06:29,2019-10-03 12:22:13
2019-10-03 15:27:25,2019-10-03 15:37:18
2019-10-03 22:16:24,2019-10-03 22:32:06
2019-10-05 14:29:51,2019-10-05 14:38:25
2019-10-05 15:17:48,2019-10-05 15:24:37
2019-10-05 17:42:29,2019-10-05 18:05:59
2019-10-05 19:35:02,2019-10-05 19:51:57
2019-10-08 00:45:39,2019-10-08 00:49:37
2019-10-08 01:49:29,2019-10-08 02:06:39
2019-10-08 02:07:42,2019-10-08 02:30:33
2019-10-08 05:41:58,2019-10-08 06:05:27
2019-10-08 09:51:02,2019-10-08 10:09:20
2019-10-08 17:03:01,2019-10-08 17:23:44
2019-10-09 00:17:42,2019-10-09 00:38:34
2019-10-09 09:33:43,2019-10-09 09:42:14
2019-10-09 14:07:10,2019-10-09 14:12:17
2019-10-10 01:06:10,2019-10-10 01:24:00
2019-10-10 05:21:04,2019-10-10 05:30:33
2019-10-10 09:57:04,2019-10-10 10:08:58
2019-10-10 12:09:09,2019-10-10 12:31:23
2019-10-10 17:31:18,2019-10-10 17:46:17
2019-10-10 20:29:38,2019-10-10 20:33:21
2019-10-11 00:39:21,2019-10-11 01:00:57
2019-10-11 15:37:59,2019-10-11 15:50:55
2019-10-12 21:07:39,2019-10-12 21:20:38
2019-10-13 07:41:31,2019-10-13 07:47:48
2019-10-13 15:45:53,2019-10-13 15:56:05
2019-10-13 16:52:35,2019-10-13 17:13:22
2019-10-14 12:52:55,2019-10-14 13:13:56
2019-10-14 21:26:05,2019-10-14 21:44:58
2019-10-15 00:56:25,2019-10-15 01:16:42
2019-10-15 13:12:36,2019-10-15 13:24:31
2019-10-16 14:51:47,2019-10-16 15:02:19
2019-10-16 17:20:33,2019-10-16 17:28:34
2019-10-16 19:18:55,2019-10-16 19:35:22
2019-10-17 05:40:59,2019-10-17 05:57:27
2019-10-17 08:01:50,2019-10-17 08:06:44
2019-10-17 10:27:42,2019-10-17 10:47:26
2019-10-17 23:50:38,2019-10-18 00:13:02
2019-10-18 06:29:25,2019-10-18 06:40:55
2019-10-18 21:41:48,2019-10-18 21:50:36
2019-10-19 07:02:16,2019-10-19 07:16:11
2019-10-19 15:54:44,2019-10-19 16:15:17
2019-10-19 17:48:03,2019-10-19 18:05:05
2019-10-19 18:09:00,2019-10-19 18:16:04
2019-10-19 22:32:03,2019-10-19 22:51:05
2019-10-20 03:00:38,2019-10-20 03:14:17
2019-10-20 18:19:48,2019-10-20 18:31:36
2019-10-20 20:04:09,2019-10-20 20:21:02
2019-10-21 20:33:03,2019-10-21 20:53:39
2019-10-22 05:15:22,2019-10-22 05:30:29
2019-10-22 08:16:27,2019-10-22 08:20:13
2019-10-23 08:50:38,2019-10-23 08:59:42
2019-10-23 09:25:21,2019-10-23 09:30:03
2019-10-23 22:51:14,2019-10-23 22:58:54
2019-10-24 01:01:21,2019-10-24 01:06:41
2019-10-24 12:39:04,2019-10-24 12:54:51
2019-10-24 19:33:32,2019-10-24 19:48:02
2019-10-25 03:42:19,2019-10-25 03:57:25
2019-10-25 05:26:33,2019-10-25 05:50:07
2019-10-25 10:39:31,2019-10-25 10:46:39
2019-10-25 10:56:15,2019-10-25 10:58:42
2019-10-25 10:59:00,2019-10-25 11:09:55
2019-10-25 14:21:08,2019-10-25 14:32:58
2019-10-25 16:31:49,2019-10-25 16:54:15
2019-10-25 18:59:42,2019-10-25 19:09:04
2019-10-26 02:26:14,2019-10-26 02:45:37
2019-10-26 05:15:52,2019-10-26 05:24:39
2019-10-26 09:22:48,2019-10-26 09:37:29
2019-10-26 11:23:39,2019-10-26 11:39:28
2019-10-26 15:54:00,2019-10-26 16:02:17
2019-10-27 04:41:36,2019-10-27 04:55:49
2019-10-27 11:56:23,2019-10-27 12:11:38
2019-10-27 16:40:24,2019-10-27 16:50:49
2019-10-27 21:10:12,2019-10-27 21:16:07
2019-10-27 21:22:59,2019-10-27 21:36:14
2019-10-28 02:47:37,2019-10-28 02:51:44
2019-10-28 04:31:15,2019-10-28 04:46:39
2019-10-28 15:37:03,2019-10-28 15:52:11
2019-10-28 17:10:55,2019-10-28 17:14:01
2019-10-28 18:06:35,2019-10-28 18:20:57
2019-10-28 23:14:56,2019-10-28 23:21:05
2019-10-29 00:41:51,2019-10-29 00:47:38
2019-10-29 10:29:42,2019-10-29 10:43:45
2019-10-29 19:15:29,2019-10-29 19:31:39
2019-10-30 07:03:32,2019-10-30 07:18:22
2019-10-31 10:23:32,2019-10-31 10:46:25
2019-10-31 12:01:18,2019-10-31 12:07:52
2019-10-31 17:18:53,2019-10-31 17:30:02
2019-11-01 02:45:00,2019-11-01 02:59:43
2019-11-01 09:52:43,2019-11-01 09:55:54
2019-11-01 17:26:12,2019-11-01 17:33:31
2019-11-02 02:03:52,2019-11-02 02:12:54
2019-11-02 13:45:56,2019-11-02 13:50:00
2019-11-02 21:56:54,2019-11-02 22:15:23
2019-11-02 22:39:07,2019-11-02 23:00:38
2019-11-03 05:42:06,2019-11-03 06:03:30
2019-11-03 14:21:18,2019-11-03 14:32:16
2019-11-03 15:15:48,2019-11-03 15:24:28
2019-11-03 16:38:21,2019-11-03 16:53:54
2019-11-04 01:40:57,2019-11-04 01:56:58
2019-11-04 04:40:55,2019-11-04 04:53:35
2019-11-04 08:47:59,2019-11-04 09:10:12
2019-11-04 12:57:00,2019-11-04 13:00:26
2019-11-04 16:54:39,2019-11-04 17:03:45
2019-11-04 22:24:24,2019-11-04 22:40:23
2019-11-05 00:44:11,2019-11-05 00:56:25
2019-11-05 12:00:22,2019-11-05 12:10:14
2019-11-05 14:12:25,2019-11-05 14:26:42
2019-11-05 14:29:37,2019-11-05 14:35:44
2019-11-05 17:56:35,2019-11-05 18:08:02
2019-11-05 18:22:39,2019-11-05 18:35:39
2019-11-05 22:17:29,2019-11-05 22:21:29
2019-11-05 22:36:17,2019-11-05 22:46:42
2019-11-05 22:56:41,2019-11-05 23:17:19
2019-11-06 07:28:21,2019-11-06 07:48:17
2019-11-06 09:49:45,2019-11-06 10:00:24
2019-11-06 15:52:39,2019-11-06 16:07:30
2019-11-06 19:42:35,2019-11-06 19:50:35
2019-11-07 13:41:23,2019-11-07 14:03:00
2019-11-08 11:39:27,2019-11-08 12:02:55
2019-11-08 15:06:56,2019-11-08 15:19:37
2019-11-08 18:58:32,2019-11-08 19:08:58
2019-11-08 19:11:52,2019-11-08 19:17:13
2019-11-09 07:00:23,2019-11-09 07:04:19
2019-11-09 11:41:36,2019-11-09 11:47:13
2019-11-09 12:09:01,2019-11-09 12:19:42
2019-11-09 13:32:53,2019-11-09 13:53:10
2019-11-10 04:34:41,2019-11-10 04:38:34
2019-11-10 06:13:06,2019-11-10 06:17:09
2019-11-10 07:49:48,2019-11-10 07:56:44
2019-11-10 14:24:13,2019-11-10 14:41:40
2019-11-10 15:31:59,2019-11-10 15:40:18
2019-11-10 21:58:53,2019-11-10 22:13:25
2019-11-11 00:39:38,2019-11-11 00:58:30
2019-11-11 01:15:41,2019-11-11 01:23:43
2019-11-11 03:49:46,2019-11-11 03:54:41
2019-11-11 03:57:40,2019-11-11 04:18:00
2019-11-11 07:35:16,2019-11-11 07:57:04
2019-11-11 15:57:34,2019-11-11 16:17:24
2019-11-11 22:02:53,2019-11-11 22:08:20
2019-11-11 22:25:08,2019-11-11 22:30:09
2019-11-12 03:21:13,2019-11-12 03:29:58
2019-11-12 16:57:26,2019-11-12 17:05:37
2019-11-13 07:25:30,2019-11-13 07:47:33
2019-11-13 15:23:59,2019-11-13 15:46:10
2019-11-13 23:17:56,2019-11-13 23:35:10
2019-11-14 03:30:34,2019-11-14 03:32:35
2019-11-14 03:34:06,2019-11-14 03:40:07
2019-11-14 20:06:39,2019-11-14 20:13:50
2019-11-15 21:21:40,2019-11-15 21:27:04
2019-11-16 10:34:40,2019-11-16 10:57:32
2019-11-16 13:26:37,2019-11-16 13:39:48
2019-11-17 00:05:09,2019-11-17 00:27:06
2019-11-17 06:59:53,2019-11-17 07:10:07
2019-11-17 08:24:03,2019-11-17 08:32:14
2019-11-17 10:20:25,2019-11-17 10:25:13
2019-11-18 07:13:03,2019-11-18 07:26:04
2019-11-18 18:02:06,2019-11-18 18:22:54
2019-11-18 18:32:13,2019-11-18 18:40:31
2019-11-18 20:00:10,2019-11-18 20:16:41
2019-11-19 08:25:54,2019-11-19 08:46:31
2019-11-19 18:43:43,2019-11-19 19:02:23
2019-11-19 21:37:18,2019-11-19 21:55:20
2019-11-19 22:22:30,2019-11-19 22:29:19
2019-11-20 01:04:50,2019-11-20 01:26:05
2019-11-20 02:13:50,2019-11-20 02:17:48
2019-11-20 03:17:27,2019-11-20 03:26:29
2019-11-20 05:48:40,2019-11-20 06:03:16
2019-11-20 07:08:19,2019-11-20 07:14:35
2019-11-20 18:26:46,2019-11-20 18:41:52
2019-11-21 01:30:10,2019-11-21 01:50:28
2019-11-21 08:46:56,2019-11-21 09:04:13
2019-11-21 09:16:37,2019-11-21 09:31:44
2019-11-21 12:10:42,2019-11-21 12:14:44
2019-11-21 19:01:10,2019-11-21 19:07:08
2019-11-22 08:15:39,2019-11-22 08:32:05
2019-11-22 14:05:47,2019-11-22 14:10:42
2019-11-22 15:07:57,2019-11-22 15:29:18
2019-11-22 19:11:04,2019-11-22 19:30:04
2019-11-22 20:07:16,2019-11-22 20:17:53
2019-11-23 01:23:04,2019-11-23 01:30:21
2019-11-23 02:58:49,2019-11-23 03:07:37
2019-11-23 03:10:23,2019-11-23 03:15:28
2019-11-23 08:14:59,2019-11-23 08:31:04
2019-11-23 11:43:11,2019-11-23 11:52:14
2019-11-23 12:23:18,2019-11-23 12:33:39
2019-11-23 17:52:50,2019-11-23 18:15:24
2019-11-24 05:30:09,2019-11-24 05:35:48
2019-11-24 05:35:50,2019-11-24 05:57:19
2019-11-24 12:43:24,2019-11-24 12:46:24
2019-11-24 12:47:04,2019-11-24 12:50:05
2019-11-25 04:03:07,2019-11-25 04:09:59
2019-11-26 03:02:25,2019-11-26 03:13:32
2019-11-26 09:54:12,2019-11-26 09:59:31
2019-11-26 10:55:38,2019-11-26 10:59:53
2019-11-26 14:03:13,2019-11-26 14:23:53
2019-11-26 20:37:59,2019-11-26 20:50:03
2019-11-27 01:00:39,2019-11-27 01:12:59
2019-11-27 09:15:27,2019-11-27 09:35:08
2019-11-27 23:20:47,2019-11-27 23:34:47
2019-11-28 04:15:09,2019-11-28 04:38:06
2019-11-28 11:34:27,2019-11-28 11:54:50
2019-11-28 19:05:56,2019-11-28 19:09:51
2019-11-28 21:35:09,2019-11-28 21:57:44
2019-11-29 00:17:34,2019-11-29 00:21:10
2019-11-29 13:58:18,2019-11-29 14:07:33
2019-11-29 17:51:32,2019-11-29 18:03:36
2019-11-30 01:24:22,2019-11-30 01:44:52
2019-11-30 07:35:05,2019-11-30 07:57:40
2019-11-30 15:41:12,2019-11-30 15:58:42
2019-11-30 17:28:04,2019-11-30 17:45:50
2019-12-01 02:37:53,2019-12-01 02:52:29
2019-12-01 10:25:35,2019-12-01 10:39:03
2019-12-01 10:47:26,2019-12-01 10:55:40
2019-12-02 00:45:44,2019-12-02 00:53:05
2019-12-02 02:50:22,2019-12-02 03:00:08
2019-12-02 06:07:17,2019-12-02 06:17:36
2019-12-02 08:07:45,2019-12-02 08:25:40
2019-12-02 16:51:28,2019-12-02 16:54:32
2019-12-03 02:09:41,2019-12-03 02:27:35
2019-12-04 02:24:12,2019-12-04 02:45:10
2019-12-04 06:33:11,2019-12-04 06:40:47
2019-12-04 15:52:34,2019-12-04 16:12:16
2019-12-04 23:47:33,2019-12-04 23:54:04
2019-12-05 16:05:54,2019-12-05 16:20:42
2019-12-05 16:32:52,2019-12-05 16:36:10
2019-12-05 17:07:45,2019-12-05 17:26:35
2019-12-05 18:38:27,2019-12-05 18:50:30
2019-12-05 20:15:48,2019-12-05 20:33:19
2019-12-05 20:57:43,2019-12-05 21:18:47
2019-12-06 01:00:34,2019-12-06 01:04:52
2019-12-06 12:28:48,2019-12-06 12:49:36
2019-12-06 23:25:20,2019-12-06 23:42:52
2019-12-07 01:56:42,2019-12-07 02:09:17
2019-12-07 04:48:22,2019-12-07 05:04:35
2019-12-08 08:48:08,2019-12-08 08:54:36
2019-12-08 14:38:49,2019-12-08 14:50:43
2019-12-08 16:56:53,2019-12-08 17:18:34
2019-12-08 19:35:58,2019-12-08 19:58:52
2019-12-08 20:32:44,2019-12-08 20:35:38
2019-12-08 23:54:19,2019-12-09 00:04:54
2019-12-09 00:10:49,2019-12-09 00:16:18
2019-12-09 01:48:25,2019-12-09 02:10:14
2019-12-09 05:12:54,2019-12-09 05:34:16
2019-12-09 15:28:13,2019-12-09 15:44:36
2019-12-09 19:20:54,2019-12-09 19:42:40
2019-12-10 03:41:50,2019-12-10 04:00:39
2019-12-10 13:30:16,2019-12-10 13:36:14
2019-12-10 17:43:53,2019-12-10 18:02:40
2019-12-12 02:39:15,2019-12-12 02:43:40
2019-12-12 02:47:27,2019-12-12 02:52:47
2019-12-12 03:26:34,2019-12-12 03:33:55
2019-12-12 11:52:39,2019-12-12 12:07:41
2019-12-13 01:45:00,2019-12-13 01:50:17
2019-12-13 03:28:21,2019-12-13 03:42:22
2019-12-13 07:24:51,2019-12-13 07:39:46
2019-12-13 10:18:10,2019-12-13 10:22:57
2019-12-13 13:27:12,2019-12-13 13:30:10
2019-12-13 15:13:12,2019-12-13 15:21:38
2019-12-13 19:21:33,2019-12-13 19:27:50
2019-12-14 00:45:03,2019-12-14 00:54:30
2019-12-14 01:47:01,2019-12-14 02:10:26
2019-12-14 16:45:12,2019-12-14 17:07:56
2019-12-15 06:21:11,2019-12-15 06:41:03
2019-12-15 10:45:07,2019-12-15 10:59:16
2019-12-15 12:05:05,2019-12-15 12:16:58
2019-12-15 20:53:36,2019-12-15 21:14:52
2019-12-15 22:01:15,2019-12-15 22:19:22
2019-12-15 23:37:05,2019-12-15 23:53:35
2019-12-16 00:39:46,2019-12-16 00:50:21
2019-12-16 08:46:10,2019-12-16 08:56:01
2019-12-16 19:49:56,2019-12-16 20:03:13
2019-12-17 04:44:15,2019-12-17 04:53:17
2019-12-17 08:32:52,2019-12-17 08:47:45
2019-12-17 15:19:08,2019-12-17 15:39:50
2019-12-17 20:39:31,2019-12-17 21:02:47
2019-12-18 03:03:44,2019-12-18 03:24:29
2019-12-18 09:43:30,2019-12-18 10:00:15
2019-12-18 10:39:54,2019-12-18 10:57:36
2019-12-18 20:21:04,2019-12-18 20:33:25
2019-12-19 01:46:27,2019-12-19 02:06:58
2019-12-19 11:15:53,2019-12-19 11:19:26
2019-12-19 21:31:06,2019-12-19 21:37:49
2019-12-20 01:15:07,2019-12-20 01:29:09
2019-12-20 01:30:12,2019-12-20 01:39:10
2019-12-20 02:12:24,2019-12-20 02:19:03
2019-12-20 07:00:05,2019-12-20 07:13:53
2019-12-20 14:55:21,2019-12-20 15:11:45
2019-12-21 03:56:51,2019-12-21 04:13:41
2019-12-22 00:48:53,2019-12-22 01:12:14
2019-12-22 02:50:11,2019-12-22 03:04:49
2019-12-22 09:14:48,2019-12-22 09:33:24
2019-12-22 16:30:17,2019-12-22 16:48:12
2019-12-22 23:27:56,2019-12-22 23:40:49
2019-12-23 03:56:15,2019-12-23 04:16:16
2019-12-23 15:46:50,2019-12-23 15:55:16
2019-12-23 20:27:35,2019-12-23 20:30:33
2019-12-24 06:41:55,2019-12-24 06:57:46
2019-12-24 10:05:45,2019-12-24 10:10:53
2019-12-24 16:43:19,2019-12-24 17:05:30
2019-12-24 18:51:09,2019-12-24 18:57:48
2019-12-24 23:57:46,2019-12-25 00:17:04
2019-12-25 16:07:15,2019-12-25 16:12:09
2019-12-25 19:20:31,2019-12-25 19:28:57
2019-12-25 23:23:33,2019-12-25 23:31:56
2019-12-26 08:39:54,2019-12-26 08:50:37
2019-12-26 16:42:31,2019-12-26 16:52:02
2019-12-27 13:08:15,2019-12-27 13:17:46
2019-12-27 18:54:34,2019-12-27 19:05:35
2019-12-28 15:53:35,2019-12-28 16:10:18
2019-12-28 18:21:25,2019-12-28 18:25:17
2019-12-28 19:38:32,2019-12-28 19:45:49
2019-12-29 02:06:31,2019-12-29 02:23:47
2019-12-29 08:32:24,2019-12-29 08:38:47
2019-12-29 12:22:22,2019-12-29 12:45:21
2019-12-29 16:04:05,2019-12-29 16:16:01
2019-12-29 17:59:50,2019-12-29 18:04:18
2019-12-30 01:00:33,2019-12-30 01:19:23
2019-12-30 07:03:47,2019-12-30 07:13:57
2019-12-30 11:46:54,2019-12-30 11:59:08
2019-12-30 14:53:47,2019-12-30 15:00:33
2019-12-30 16:49:15,2019-12-30 17:11:12
2019-12-30 20:46:16,2019-12-30 21:07:42
2019-12-31 02:16:33,2019-12-31 02:33:58
2019-12-31 04:14:46,2019-12-31 04:37:55
2020-01-01 00:22:26,2020-01-01 00:35:55
2020-01-01 03:39:39,2020-01-01 03:45:35
2020-01-01 13:17:17,2020-01-01 13:29:09
2020-01-02 13:44:08,2020-01-02 14:07:42
2020-01-03 00:23:47,2020-01-03 00:42:09
2020-01-03 07:19:29,2020-01-03 07:29:06
2020-01-03 10:27:14,2020-01-03 10:30:41
2020-01-03 17:28:05,2020-01-03 17:50:54
2020-01-03 19:34:39,2020-01-03 19:38:00
2020-01-04 00:45:59,2020-01-04 00:57:08
2020-01-04 02:01:42,2020-01-04 02:12:49
2020-01-04 10:51:52,2020-01-04 10:57:11
2020-01-04 12:09:19,2020-01-04 12:24:02
2020-01-04 16:15:02,2020-01-04 16:22:00
2020-01-05 03:53:23,2020-01-05 04:09:19
2020-01-05 12:30:52,2020-01-05 12:35:14
2020-01-05 13:22:21,2020-01-05 13:25:27
2020-01-05 19:27:27,2020-01-05 19:43:32
2020-01-06 09:36:32,2020-01-06 09:42:57
2020-01-06 15:01:07,2020-01-06 15:20:41
2020-01-06 16:28:07,2020-01-06 16:50:36
2020-01-06 19:04:25,2020-01-06 19:13:33
2020-01-06 23:42:19,2020-01-07 00:02:04
2020-01-07 00:03:46,2020-01-07 00:18:40
2020-01-07 15:12:07,2020-01-07 15:25:37
2020-01-07 23:48:46,2020-01-07 23:58:40
2020-01-08 01:57:58,2020-01-08 02:04:38
2020-01-08 12:37:38,2020-01-08 12:43:31
2020-01-08 14:14:03,2020-01-08 14:21:36
2020-01-08 17:38:39,2020-01-08 17:41:45
2020-01-08 22:32:35,2020-01-08 22:38:17
2020-01-09 00:51:45,2020-01-09 00:57:51
2020-01-09 10:42:28,2020-01-09 10:50:31
2020-01-09 16:39:51,2020-01-09 16:42:35
2020-01-09 20:08:46,2020-01-09 20:15:59
2020-01-09 22:07:10,2020-01-09 22:10:00
2020-01-10 04:01:01,2020-01-10 04:10:53
2020-01-11 05:21:48,2020-01-11 05:32:56
2020-01-11 23:51:51,2020-01-12 00:15:11
2020-01-12 00:44:29,2020-01-12 01:06:50
2020-01-12 03:50:03,2020-01-12 04:07:05
2020-01-12 19:49:27,2020-01-12 20:03:42
2020-01-12 22:04:53,2020-01-12 22:12:42
2020-01-13 03:38:14,2020-01-13 03:59:49
2020-01-13 05:28:30,2020-01-13 05:49:18
2020-01-13 09:46:45,2020-01-13 10:02:31
2020-01-13 10:05:23,2020-01-13 10:24:33
2020-01-13 14:32:14,2020-01-13 14:42:27
2020-01-14 00:54:11,2020-01-14 01:04:38
2020-01-14 23:03:05,2020-01-14 23:14:07
2020-01-15 03:53:45,2020-01-15 04:02:36
2020-01-15 09:09:49,2020-01-15 09:21:23
2020-01-15 12:01:21,2020-01-15 12:21:57
2020-01-15 17:14:43,2020-01-15 17:33:47
2020-01-15 23:56:47,2020-01-16 00:03:57
2020-01-16 01:21:25,2020-01-16 01:27:15
2020-01-16 06:55:54,2020-01-16 07:03:00
2020-01-16 07:21:22,2020-01-16 07:40:05
2020-01-16 11:21:17,2020-01-16 11:39:12
2020-01-16 13:37:10,2020-01-16 13:54:30
2020-01-16 20:16:54,2020-01-16 20:22:23
2020-01-16 23:55:10,2020-01-17 00:01:18
2020-01-17 12:00:55,2020-01-17 12:12:20
2020-01-17 17:49:05,2020-01-17 18:11:16
2020-01-18 09:50:24,2020-01-18 09:55:39
2020-01-18 12:32:17,2020-01-18 12:41:59
2020-01-18 14:20:01,2020-01-18 14:23:32
2020-01-18 18:38:00,2020-01-18 18:59:09
2020-01-19 10:34:49,2020-01-19 10:44:06
2020-01-19 10:56:55,2020-01-19 11:10:15
2020-01-19 15:27:29,2020-01-19 15:39:45
2020-01-19 16:03:20,2020-01-19 16:13:44
2020-01-19 17:42:56,2020-01-19 17:56:14
2020-01-19 23:22:53,2020-01-19 23:37:37
2020-01-20 03:16:45,2020-01-20 03:29:22
2020-01-20 23:47:49,2020-01-21 00:08:39
2020-01-21 11:44:10,2020-01-21 12:03:12
2020-01-21 14:20:42,2020-01-21 14:36:28
2020-01-21 17:03:16,2020-01-21 17:23:54
2020-01-22 08:46:39,2020-01-22 08:50:10
2020-01-22 16:00:03,2020-01-22 16:13:39
2020-01-22 17:06:26,2020-01-22 17:21:28
2020-01-22 18:33:15,2020-01-22 18:43:28
2020-01-23 00:23:23,2020-01-23 00:26:07
2020-01-23 03:13:49,2020-01-23 03:23:42
2020-01-23 04:30:55,2020-01-23 04:51:38
2020-01-23 09:56:30,2020-01-23 10:08:12
2020-01-23 13:16:51,2020-01-23 13:20:27
2020-01-23 16:48:59,2020-01-23 16:52:38
2020-01-23 18:36:05,2020-01-23 18:56:43
2020-01-24 09:41:59,2020-01-24 09:46:15
2020-01-24 11:16:03,2020-01-24 11:29:00
2020-01-24 17:10:43,2020-01-24 17:26:20
2020-01-25 01:18:03,2020-01-25 01:32:14
2020-01-25 01:53:31,2020-01-25 02:08:18
2020-01-25 05:49:05,2020-01-25 06:07:07
2020-01-25 07:35:26,2020-01-25 07:43:36
2020-01-25 16:05:41,2020-01-25 16:26:17
2020-01-26 02:09:49,2020-01-26 02:21:45
2020-01-27 02:47:18,2020-01-27 02:50:27
2020-01-27 06:10:46,2020-01-27 06:16:18
2020-01-27 11:07:13,2020-01-27 11:10:29
2020-01-27 16:26:02,2020-01-27 16:43:47
2020-01-27 20:20:08,2020-01-27 20:25:21
2020-01-28 04:02:09,2020-01-28 04:22:47
2020-01-28 11:23:10,2020-01-28 11:44:36
2020-01-29 06:26:24,2020-01-29 06:45:58
2020-01-29 06:53:51,2020-01-29 07:11:55
2020-01-29 13:06:58,2020-01-29 13:20:43
2020-01-29 17:00:34,2020-01-29 17:05:09
2020-01-29 18:49:30,2020-01-29 19:08:54
2020-01-29 20:44:51,2020-01-29 21:05:41
2020-01-29 22:38:50,2020-01-29 23:02:28
2020-01-30 00:15:25,2020-01-30 00:24:56
2020-01-30 04:38:52,2020-01-30 05:02:07
2020-01-30 05:30:03,2020-01-30 05:53:20
2020-01-30 08:26:28,2020-01-30 08:45:37
2020-01-30 11:03:47,2020-01-30 11:18:31
2020-01-30 12:51:12,2020-01-30 12:57:03
2020-01-30 18:50:25,2020-01-30 18:53:28
2020-01-30 23:16:10,2020-01-30 23:33:10
2020-01-31 03:03:18,2020-01-31 03:24:12
2020-01-31 17:09:24,2020-01-31 17:21:15
2020-02-01 03:12:47,2020-02-01 03:17:03
2020-02-02 09:51:16,2020-02-02 10:03:21
2020-02-02 15:18:43,2020-02-02 15:36:01
2020-02-03 03:15:40,2020-02-03 03:19:16
2020-02-03 05:09:38,2020-02-03 05:24:13
2020-02-03 12:56:27,2020-02-03 13:07:49
2020-02-03 15:24:51,2020-02-03 15:28:45
2020-02-04 02:56:45,2020-02-04 03:12:07
2020-02-04 13:56:34,2020-02-04 14:10:11
2020-02-05 03:46:30,2020-02-05 04:00:02
2020-02-05 04:41:36,2020-02-05 04:55:38
2020-02-05 12:24:27,2020-02-05 12:38:43
2020-02-05 13:42:51,2020-02-05 13:52:14
2020-02-06 07:52:22,2020-02-06 08:11:35
2020-02-06 16:45:12,2020-02-06 17:02:51
2020-02-07 08:32:52,2020-02-07 08:42:43
2020-02-07 12:26:07,2020-02-07 12:45:35
2020-02-08 01:28:33,2020-02-08 01:38:35
2020-02-08 07:12:58,2020-02-08 07:27:57
2020-02-08 09:29:59,2020-02-08 09:51:47
2020-02-08 10:01:06,2020-02-08 10:10:05
2020-02-09 00:31:01,2020-02-09 00:36:35
2020-02-09 00:49:45,2020-02-09 00:54:14
2020-02-09 03:13:15,2020-02-09 03:29:50
2020-02-09 14:13:42,2020-02-09 14:27:22
2020-02-09 23:49:26,2020-02-10 00:03:37
2020-02-10 03:53:27,2020-02-10 03:57:23
2020-02-10 12:29:51,2020-02-10 12:53:19
2020-02-10 16:11:17,2020-02-10 16:25:15
2020-02-11 00:08:59,2020-02-11 00:16:45
2020-02-11 03:20:14,2020-02-11 03:38:07
2020-02-11 12:53:49,2020-02-11 13:07:01
2020-02-11 14:24:38,2020-02-11 14:29:18
2020-02-11 17:32:48,2020-02-11 17:38:53
2020-02-11 19:14:50,2020-02-11 19:27:13
2020-02-11 22:44:56,2020-02-11 22:50:06
2020-02-12 00:32:10,2020-02-12 00:40:00
2020-02-12 02:08:14,2020-02-12 02:25:44
2020-02-12 03:43:14,2020-02-12 04:06:01
2020-02-12 04:08:37,2020-02-12 04:21:09
2020-02-12 17:35:00,2020-02-12 17:50:34
2020-02-13 03:25:56,2020-02-13 03:38:58
2020-02-13 03:45:57,2020-02-13 03:48:42
2020-02-13 03:54:59,2020-02-13 04:07:23
2020-02-13 04:42:24,2020-02-13 04:58:07
2020-02-13 09:42:34,2020-02-13 09:56:17
2020-02-13 12:19:17,2020-02-13 12:26:45
2020-02-13 13:37:11,2020-02-13 13:43:07
2020-02-13 16:05:55,2020-02-13 16:24:30
2020-02-13 18:15:36,2020-02-13 18:20:57
2020-02-14 00:00:52,2020-02-14 00:03:53
2020-02-14 10:14:27,2020-02-14 10:37:22
2020-02-14 19:24:23,2020-02-14 19:43:03
2020-02-15 05:23:42,2020-02-15 05:46:14
2020-02-15 09:12:19,2020-02-15 09:21:26
2020-02-15 21:07:12,2020-02-15 21:20:03
2020-02-16 00:53:10,2020-02-16 01:07:09
2020-02-16 09:00:01,2020-02-16 09:21:01
2020-02-16 21:04:58,2020-02-16 21:26:21
2020-02-17 02:38:04,2020-02-17 03:01:30
2020-02-17 12:04:15,2020-02-17 12:12:54
2020-02-17 13:34:44,2020-02-17 13:45:24
2020-02-18 01:41:40,2020-02-18 01:50:51
2020-02-18 10:09:36,2020-02-18 10:12:17
2020-02-18 20:14:26,2020-02-18 20:33:09
2020-02-18 20:56:22,2020-02-18 21:12:12
2020-02-18 21:59:54,2020-02-18 22:23:27
2020-02-18 23:44:49,2020-02-18 23:50:51
2020-02-19 16:26:35,2020-02-19 16:38:48
2020-02-19 20:26:34,2020-02-19 20:27:30
2020-02-19 20:29:25,2020-02-19 20:30:24
2020-02-19 21:39:23,2020-02-19 21:43:38
2020-02-20 04:36:02,2020-02-20 04:42:09
2020-02-20 10:54:56,2020-02-20 11:02:31
2020-02-21 03:51:14,2020-02-21 04:11:54
2020-02-21 05:16:19,2020-02-21 05:23:52
2020-02-21 08:05:56,2020-02-21 08:16:46
2020-02-22 04:54:01,2020-02-22 05:13:26
2020-02-22 12:00:24,2020-02-22 12:16:02
2020-02-23 20:29:51,2020-02-23 20:48:53
2020-02-24 00:48:43,2020-02-24 01:08:16
2020-02-24 04:12:20,2020-02-24 04:27:47
2020-02-24 06:06:10,2020-02-24 06:12:54
2020-02-24 11:24:07,2020-02-24 11:33:41
2020-02-24 16:21:24,2020-02-24 16:24:22
2020-02-25 02:45:48,2020-02-25 03:08:02
2020-02-25 10:59:35,2020-02-25 11:02:28
2020-02-25 16:31:55,2020-02-25 16:49:27
2020-02-26 05:24:58,2020-02-26 05:37:32
2020-02-26 06:16:15,2020-02-26 06:38:18
2020-02-26 07:51:47,2020-02-26 08:11:02
2020-02-26 12:53:58,2020-02-26 13:09:23
2020-02-27 04:02:46,2020-02-27 04:15:35
2020-02-27 10:52:27,2020-02-27 11:03:27
2020-02-27 20:54:46,2020-02-27 20:59:30
2020-02-28 12:21:10,2020-02-28 12:25:25
2020-02-28 23:13:02,2020-02-28 23:23:45
2020-02-29 09:18:17,2020-02-29 09:30:24
2020-02-29 12:30:35,2020-02-29 12:40:46
2020-02-29 13:23:42,2020-02-29 13:38:44
2020-02-29 20:48:34,2020-02-29 21:08:13
2020-03-01 00:44:09,2020-03-01 01:01:25
2020-03-01 02:50:58,2020-03-01 03:02:29
2020-03-01 10:09:25,2020-03-01 10:28:32
2020-03-01 17:24:00,2020-03-01 17:29:37
2020-03-02 06:50:24,2020-03-02 07:09:52
2020-03-03 00:23:58,2020-03-03 00:38:14
2020-03-03 00:39:09,2020-03-03 00:59:43
2020-03-03 09:13:42,2020-03-03 09:17:07
2020-03-03 18:04:30,2020-03-03 18:20:10
2020-03-04 01:16:19,2020-03-04 01:26:53
2020-03-04 11:35:53,2020-03-04 11:44:30
2020-03-04 18:32:50,2020-03-04 18:35:40
2020-03-04 19:43:51,2020-03-04 19:54:25
2020-03-04 21:59:29,2020-03-04 22:12:10
2020-03-04 22:30:17,2020-03-04 22:52:57
2020-03-04 23:06:45,2020-03-04 23:17:59
2020-03-05 01:54:04,2020-03-05 02:00:34
2020-03-05 05:53:10,2020-03-05 06:14:16
2020-03-05 10:02:41,2020-03-05 10:19:22
2020-03-05 10:20:27,2020-03-05 10:23:48
2020-03-05 11:53:26,2020-03-05 12:00:42
2020-03-05 17:26:36,2020-03-05 17:30:14
2020-03-06 07:51:53,2020-03-06 08:10:53
2020-03-06 08:25:03,2020-03-06 08:37:51
2020-03-06 14:26:56,2020-03-06 14:38:30
2020-03-06 21:02:26,2020-03-06 21:25:55
2020-03-06 22:33:33,2020-03-06 22:51:00
2020-03-07 03:51:15,2020-03-07 04:11:34
2020-03-07 08:42:07,2020-03-07 08:50:36
2020-03-07 09:33:14,2020-03-07 09:55:44
2020-03-07 19:23:05,2020-03-07 19:45:35
2020-03-07 23:35:39,2020-03-07 23:43:13
2020-03-08 19:02:38,2020-03-08 19:11:38
2020-03-09 01:12:29,2020-03-09 01:22:57
2020-03-09 02:05:05,2020-03-09 02:24:08
2020-03-09 03:06:57,2020-03-09 03:11:05
2020-03-09 03:30:03,2020-03-09 03:47:06
2020-03-09 10:49:40,2020-03-09 11:13:05
2020-03-09 11:35:23,2020-03-09 11:48:10
2020-03-09 17:22:14,2020-03-09 17:45:58
2020-03-10 02:11:14,2020-03-10 02:15:04
2020-03-10 14:49:58,2020-03-10 15:11:15
2020-03-10 17:17:43,2020-03-10 17:38:34
2020-03-11 03:13:06,2020-03-11 03:20:24
2020-03-11 11:12:54,2020-03-11 11:18:07
2020-03-11 21:43:52,2020-03-11 21:50:31
2020-03-12 03:07:09,2020-03-12 03:16:19
2020-03-12 04:38:06,2020-03-12 04:48:31
2020-03-13 05:57:22,2020-03-13 06:06:13
2020-03-14 01:49:31,2020-03-14 02:06:52
2020-03-14 06:13:42,2020-03-14 06:26:33
2020-03-14 18:07:26,2020-03-14 18:15:01
2020-03-16 07:48:06,2020-03-16 08:10:33
2020-03-16 16:48:01,2020-03-16 16:59:45
2020-03-16 18:58:06,2020-03-16 19:02:44
2020-03-17 01:39:52,2020-03-17 01:57:45
2020-03-17 22:30:25,2020-03-17 22:50:28
2020-03-17 22:53:37,2020-03-17 23:12:58
2020-03-18 03:42:49,2020-03-18 03:46:20
2020-03-18 04:03:43,2020-03-18 04:26:14
2020-03-18 04:26:21,2020-03-18 04:44:57
2020-03-19 22:54:59,2020-03-19 23:17:34
2020-03-19 23:48:55,2020-03-20 00:05:18
2020-03-20 02:28:18,2020-03-20 02:34:18
2020-03-20 02:45:17,2020-03-20 02:45:27
2020-03-20 09:22:37,2020-03-20 09:28:34
2020-03-20 10:35:17,2020-03-20 10:50:16
2020-03-20 10:59:11,2020-03-20 11:19:49
2020-03-20 18:55:53,2020-03-20 19:18:17
2020-03-20 19:45:03,2020-03-20 19:53:16
2020-03-21 14:58:15,2020-03-21 15:03:12
2020-03-22 02:04:23,2020-03-22 02:14:43
2020-03-22 09:47:50,2020-03-22 09:58:35
2020-03-22 22:35:37,2020-03-22 22:48:23
2020-03-22 22:49:24,2020-03-22 22:57:04
2020-03-22 23:47:33,2020-03-22 23:55:39
2020-03-23 02:51:34,2020-03-23 03:11:36
2020-03-23 03:36:43,2020-03-23 03:57:28
2020-03-23 04:32:07,2020-03-23 04:49:50
2020-03-23 12:40:04,2020-03-23 12:55:57
2020-03-23 17:58:04,2020-03-23 18:12:05
2020-03-24 19:48:30,2020-03-24 19:51:34
2020-03-24 23:30:40,2020-03-24 23:42:06
2020-03-25 02:04:19,2020-03-25 02:22:03
2020-03-25 12:09:04,2020-03-25 12:31:03
2020-03-25 15:09:51,2020-03-25 15:21:33
2020-03-25 17:21:02,2020-03-25 17:38:19
2020-03-26 05:59:00,2020-03-26 06:21:32
2020-03-26 07:50:07,2020-03-26 07:55:38
2020-03-26 07:58:07,2020-03-26 08:03:21
2020-03-26 10:29:17,2020-03-26 10:45:07
2020-03-26 12:37:26,2020-03-26 12:47:50
2020-03-26 15:34:19,2020-03-26 15:41:00
2020-03-26 20:03:13,2020-03-26 20:06:09
2020-03-26 22:39:23,2020-03-26 22:43:40
2020-03-27 02:44:29,2020-03-27 02:46:39
2020-03-27 02:49:56,2020-03-27 03:03:13
2020-03-27 10:21:27,2020-03-27 10:32:52
2020-03-27 15:43:15,2020-03-27 16:02:47
2020-03-27 20:08:56,2020-03-27 20:12:00
2020-03-27 20:18:50,2020-03-27 20:41:32
2020-03-28 13:04:29,2020-03-28 13:14:21
2020-03-28 19:46:35,2020-03-28 20:08:48
2020-03-28 23:48:08,2020-03-29 00:10:34
2020-03-29 09:33:54,2020-03-29 09:40:12
2020-03-29 16:15:07,2020-03-29 16:33:52
2020-03-30 04:29:37,2020-03-30 04:39:03
2020-03-30 04:47:38,2020-03-30 05:00:39
2020-03-30 17:20:09,2020-03-30 17:36:20
2020-03-31 01:38:34,2020-03-31 01:45:51
2020-03-31 03:38:35,2020-03-31 03:54:11
2020-03-31 10:14:41,2020-03-31 10:24:18
2020-03-31 10:43:38,2020-03-31 10:55:06
2020-04-01 11:45:59,2020-04-01 11:49:11
2020-04-01 16:54:05,2020-04-01 17:00:35
2020-04-01 21:02:58,2020-04-01 21:08:05
2020-04-03 03:32:48,2020-04-03 03:37:09
2020-04-04 14:36:18,2020-04-04 14:49:28
2020-04-04 16:40:11,2020-04-04 16:58:08
2020-04-05 00:47:23,2020-04-05 00:57:26
2020-04-05 02:05:45,2020-04-05 02:20:39
2020-04-05 05:44:07,2020-04-05 05:51:42
2020-04-05 13:44:05,2020-04-05 14:04:22
2020-04-05 21:54:40,2020-04-05 22:09:14
2020-04-05 23:01:49,2020-04-05 23:13:50
2020-04-06 06:59:28,2020-04-06 07:21:37
2020-04-06 10:26:37,2020-04-06 10:45:10
2020-04-06 16:49:29,2020-04-06 16:52:19
2020-04-06 21:21:33,2020-04-06 21:30:43
2020-04-07 04:19:23,2020-04-07 04:42:24
2020-04-07 05:42:18,2020-04-07 05:45:47
2020-04-07 09:04:58,2020-04-07 09:13:52
2020-04-08 00:36:14,2020-04-08 00:55:44
2020-04-08 15:59:14,2020-04-08 16:11:11
2020-04-08 20:34:58,2020-04-08 20:39:37
2020-04-08 21:37:37,2020-04-08 21:54:50
2020-04-09 03:47:38,2020-04-09 03:54:04
2020-04-09 05:18:40,2020-04-09 05:29:58
2020-04-09 16:22:10,2020-04-09 16:42:43
2020-04-10 04:41:04,2020-04-10 04:53:08
2020-04-10 23:42:37,2020-04-10 23:48:25
2020-04-11 05:07:35,2020-04-11 05:20:29
2020-04-11 08:42:53,2020-04-11 08:59:03
2020-04-11 20:01:59,2020-04-11 20:07:57
2020-04-12 01:31:53,2020-04-12 01:50:51
2020-04-12 02:38:32,2020-04-12 02:59:18
2020-04-12 17:15:29,2020-04-12 17:23:00
2020-04-12 20:36:07,2020-04-12 20:47:13
2020-04-13 04:11:20,2020-04-13 04:15:50
2020-04-13 04:26:12,2020-04-13 04:44:08
2020-04-13 11:32:22,2020-04-13 11:37:46
2020-04-13 22:14:26,2020-04-13 22:26:49
2020-04-14 01:00:05,2020-04-14 01:08:03
2020-04-14 15:03:24,2020-04-14 15:10:45
2020-04-14 21:09:16,2020-04-14 21:12:10
2020-04-15 05:56:27,2020-04-15 06:17:01
2020-04-15 18:23:43,2020-04-15 18:37:47
2020-04-16 01:40:57,2020-04-16 01:50:18
2020-04-16 03:14:44,2020-04-16 03:37:14
2020-04-16 06:49:58,2020-04-16 07:07:51
2020-04-16 10:00:22,2020-04-16 10:21:05
2020-04-16 10:21:42,2020-04-16 10:35:22
2020-04-16 22:17:50,2020-04-16 22:40:57
2020-04-17 16:28:14,2020-04-17 16:33:20
2020-04-17 18:10:29,2020-04-17 18:15:01
2020-04-18 09:22:36,2020-04-18 09:38:46
2020-04-18 15:48:06,2020-04-18 15:51:44
2020-04-18 17:59:43,2020-04-18 18:18:26
2020-04-18 20:45:59,2020-04-18 20:55:35
2020-04-19 06:17:12,2020-04-19 06:29:04
2020-04-19 07:54:17,2020-04-19 08:01:37
2020-04-20 00:59:46,2020-04-20 01:20:11
2020-04-20 16:54:09,2020-04-20 17:06:43
2020-04-20 22:46:45,2020-04-20 22:51:55
2020-04-20 22:59:19,2020-04-20 23:06:35
2020-04-21 01:25:16,2020-04-21 01:38:37
2020-04-21 02:35:32,2020-04-21 02:47:02
2020-04-21 05:10:16,2020-04-21 05:23:53
2020-04-21 07:54:16,2020-04-21 08:12:10
2020-04-22 04:25:33,2020-04-22 04:35:45
2020-04-22 04:57:35,2020-04-22 05:06:35
2020-04-22 21:24:48,2020-04-22 21:33:31
2020-04-23 03:06:59,2020-04-23 03:23:42
2020-04-23 04:02:18,2020-04-23 04:08:04
2020-04-23 06:20:34,2020-04-23 06:31:23
2020-04-23 10:10:43,2020-04-23 10:27:59
2020-04-23 11:17:44,2020-04-23 11:25:40
2020-04-23 12:51:57,2020-04-23 13:12:37
2020-04-23 14:23:09,2020-04-23 14:43:47
2020-04-23 23:11:49,2020-04-23 23:34:50
2020-04-24 01:18:36,2020-04-24 01:25:14
2020-04-24 02:42:49,2020-04-24 02:47:38
2020-04-24 23:23:14,2020-04-24 23:28:54
2020-04-25 02:26:07,2020-04-25 02:44:32
2020-04-25 06:04:17,2020-04-25 06:24:25
2020-04-25 13:04:38,2020-04-25 13:07:56
2020-04-25 16:06:06,2020-04-25 16:15:00
2020-04-26 02:18:15,2020-04-26 02:26:28
2020-04-26 02:34:44,2020-04-26 02:35:19
2020-04-26 02:46:44,2020-04-26 02:56:20
2020-04-26 08:23:16,2020-04-26 08:45:14
2020-04-27 09:26:23,2020-04-27 09:31:36
2020-04-27 10:14:50,2020-04-27 10:21:57
2020-04-27 13:31:46,2020-04-27 13:45:44
2020-04-27 17:18:26,2020-04-27 17:22:14
2020-04-28 19:23:24,2020-04-28 19:30:36
2020-04-28 20:13:10,2020-04-28 20:22:57
2020-04-29 02:30:31,2020-04-29 02:41:48
2020-04-29 05:35:18,2020-04-29 05:44:03
2020-04-29 06:36:28,2020-04-29 06:46:14
2020-04-29 10:54:09,2020-04-29 11:13:53
2020-04-29 16:27:45,2020-04-29 16:49:46
2020-04-29 21:48:47,2020-04-29 22:12:13
2020-04-30 00:33:52,2020-04-30 00:46:47
2020-04-30 04:57:31,2020-04-30 05:04:02
2020-04-30 11:19:31,2020-04-30 11:40:03
2020-05-01 04:23:41,2020-05-01 04:32:09
2020-05-01 12:41:20,2020-05-01 12:57:27
2020-05-01 16:18:25,2020-05-01 16:23:47
2020-05-01 19:22:25,2020-05-01 19:38:47
2020-05-01 21:39:04,2020-05-01 21:59:23
2020-05-02 07:35:40,2020-05-02 07:45:28
2020-05-02 10:59:32,2020-05-02 11:17:39
2020-05-02 19:35:38,2020-05-02 19:43:29
2020-05-03 11:02:34,2020-05-03 11:19:37
2020-05-03 18:24:09,2020-05-03 18:44:51
2020-05-03 23:28:11,2020-05-03 23:35:49
2020-05-04 07:07:08,2020-05-04 07:24:29
2020-05-04 14:39:18,2020-05-04 14:54:44
2020-05-04 16:18:30,2020-05-04 16:24:13
2020-05-04 22:25:04,2020-05-04 22:38:04
2020-05-05 15:47:00,2020-05-05 16:05:59
2020-05-05 21:22:23,2020-05-05 21:27:14
2020-05-06 00:06:08,2020-05-06 00:08:55
2020-05-06 00:24:10,2020-05-06 00:40:35
2020-05-06 09:01:02,2020-05-06 09:16:59
2020-05-06 09:35:23,2020-05-06 09:48:45
2020-05-06 19:41:13,2020-05-06 19:51:55
2020-05-06 22:39:20,2020-05-06 23:02:15
2020-05-07 16:37:47,2020-05-07 16:43:42
2020-05-07 18:16:21,2020-05-07 18:23:52
2020-05-08 04:46:55,2020-05-08 04:50:25
2020-05-09 16:31:21,2020-05-09 16:44:38
2020-05-10 04:06:20,2020-05-10 04:11:24
2020-05-11 06:08:46,2020-05-11 06:19:31
2020-05-11 16:40:37,2020-05-11 17:03:02
2020-05-12 03:35:00,2020-05-12 03:41:07
2020-05-12 05:33:57,2020-05-12 05:54:06
2020-05-12 13:03:33,2020-05-12 13:25:52
2020-05-13 13:02:09,2020-05-13 13:07:57
2020-05-13 13:39:27,2020-05-13 14:00:29
2020-05-13 21:14:53,2020-05-13 21:26:44
2020-05-14 02:13:36,2020-05-14 02:23:51
2020-05-14 10:36:55,2020-05-14 10:56:28
2020-05-14 19:10:05,2020-05-14 19:25:46
2020-05-14 21:56:01,2020-05-14 22:19:48
2020-05-15 00:04:31,2020-05-15 00:10:43
2020-05-15 05:41:47,2020-05-15 05:46:28
2020-05-15 06:11:34,2020-05-15 06:35:16
2020-05-15 07:24:03,2020-05-15 07:26:57
2020-05-15 08:44:18,2020-05-15 08:52:03
2020-05-15 13:55:29,2020-05-15 14:16:08
2020-05-16 09:51:50,2020-05-16 10:06:11
2020-05-16 17:55:22,2020-05-16 18:08:41
2020-05-17 02:17:20,2020-05-17 02:30:29
2020-05-17 16:40:29,2020-05-17 16:48:43
2020-05-18 01:55:12,2020-05-18 02:13:33
2020-05-18 14:54:24,2020-05-18 15:09:42
2020-05-18 17:23:51,2020-05-18 17:45:02
2020-05-19 15:22:06,2020-05-19 15:43:55
2020-05-20 01:55:30,2020-05-20 02:00:21
2020-05-20 03:11:24,2020-05-20 03:21:05
2020-05-20 06:09:47,2020-05-20 06:19:34
2020-05-20 12:38:33,2020-05-20 13:00:00
2020-05-21 03:04:36,2020-05-21 03:27:52
2020-05-21 09:27:45,2020-05-21 09:33:01
2020-05-21 11:52:46,2020-05-21 12:15:49
2020-05-21 19:02:32,2020-05-21 19:24:10
2020-05-22 07:08:46,2020-05-22 07:16:42
2020-05-22 09:15:48,2020-05-22 09:27:28
2020-05-22 12:25:33,2020-05-22 12:46:58
2020-05-22 21:26:52,2020-05-22 21:30:13
2020-05-23 10:00:43,2020-05-23 10:22:57
2020-05-23 16:26:25,2020-05-23 16:36:43
2020-05-24 00:01:26,2020-05-24 00:16:42
2020-05-24 00:34:23,2020-05-24 00:41:16
2020-05-24 04:40:28,2020-05-24 04:58:00
2020-05-24 06:07:29,2020-05-24 06:21:35
2020-05-24 16:18:49,2020-05-24 16:41:12
2020-05-24 20:36:16,2020-05-24 20:52:54
2020-05-24 20:54:07,2020-05-24 21:13:50
2020-05-25 14:26:03,2020-05-25 14:32:20
2020-05-25 19:48:52,2020-05-25 20:04:01
2020-05-26 02:47:28,2020-05-26 02:52:17
2020-05-26 13:17:12,2020-05-26 13:28:23
2020-05-26 13:39:08,2020-05-26 13:56:34
2020-05-26 19:17:32,2020-05-26 19:37:33
2020-05-27 14:21:31,2020-05-27 14:30:21
2020-05-27 20:03:50,2020-05-27 20:23:54
2020-05-27 20:41:45,2020-05-27 20:46:23
2020-05-27 21:41:39,2020-05-27 21:56:44
2020-05-28 04:42:22,2020-05-28 04:59:52
2020-05-28 08:18:52,2020-05-28 08:34:54
2020-05-28 08:39:46,2020-05-28 08:57:09
2020-05-28 17:32:51,2020-05-28 17:36:27
2020-05-29 07:26:33,2020-05-29 07:38:01
2020-05-29 10:09:31,2020-05-29 10:28:23
2020-05-29 12:31:34,2020-05-29 12:43:41
2020-05-29 14:12:37,2020-05-29 14:36:15
2020-05-30 06:21:11,2020-05-30 06:24:20
2020-05-30 19:32:30,2020-05-30 19:53:44
2020-05-31 13:39:17,2020-05-31 13:45:08
2020-05-31 18:32:47,2020-05-31 18:40:19
2020-06-01 11:20:57,2020-06-01 11:30:16
2020-06-01 21:57:08,2020-06-01 22:05:06
2020-06-02 00:00:47,2020-06-02 00:07:22
2020-06-02 03:54:54,2020-06-02 04:08:03
2020-06-02 09:19:54,2020-06-02 09:37:13
2020-06-02 09:43:45,2020-06-02 09:53:24
2020-06-02 17:10:22,2020-06-02 17:21:28
2020-06-02 19:12:28,2020-06-02 19:33:06
2020-06-02 22:40:30,2020-06-02 22:56:50
2020-06-03 01:53:09,2020-06-03 02:06:00
2020-06-03 08:06:33,2020-06-03 08:18:29
2020-06-03 12:20:18,2020-06-03 12:34:03
2020-06-03 15:55:31,2020-06-03 16:02:13
2020-06-03 18:54:57,2020-06-03 19:11:01
2020-06-04 15:03:21,2020-06-04 15:10:29
2020-06-04 21:35:04,2020-06-04 21:38:13
2020-06-05 03:10:30,2020-06-05 03:14:03
2020-06-05 06:20:58,2020-06-05 06:35:35
2020-06-05 13:57:54,2020-06-05 14:03:11
2020-06-05 17:19:16,2020-06-05 17:35:31
2020-06-06 09:13:24,2020-06-06 09:29:13
2020-06-06 21:33:44,2020-06-06 21:51:52
2020-06-07 01:17:07,2020-06-07 01:21:07
2020-06-07 02:07:08,2020-06-07 02:27:18
2020-06-07 16:58:56,2020-06-07 17:21:09
2020-06-07 18:14:22,2020-06-07 18:17:36
2020-06-08 01:46:23,2020-06-08 02:07:08
2020-06-08 11:20:21,2020-06-08 11:26:09
2020-06-08 12:27:44,2020-06-08 12:40:31
2020-06-08 14:14:49,2020-06-08 14:20:08
2020-06-09 02:09:54,2020-06-09 02:13:40
2020-06-09 04:43:29,2020-06-09 05:06:44
2020-06-10 07:32:59,2020-06-10 07:48:39
2020-06-10 09:27:37,2020-06-10 09:32:27
2020-06-10 19:59:00,2020-06-10 20:05:26
2020-06-11 03:20:50,2020-06-11 03:26:12
2020-06-11 17:22:08,2020-06-11 17:36:57
2020-06-11 23:48:37,2020-06-12 00:06:08
2020-06-12 01:39:46,2020-06-12 01:55:34
2020-06-12 09:17:06,2020-06-12 09:26:35
2020-06-12 09:53:34,2020-06-12 10:07:49
2020-06-12 15:39:13,2020-06-12 15:59:08
2020-06-12 23:22:49,2020-06-12 23:39:52
2020-06-13 08:19:47,2020-06-13 08:33:36
2020-06-13 09:01:50,2020-06-13 09:05:08
2020-06-13 09:29:58,2020-06-13 09:48:18
2020-06-13 14:48:58,2020-06-13 15:11:09
2020-06-13 21:05:00,2020-06-13 21:14:57
2020-06-14 01:43:12,2020-06-14 01:48:21
2020-06-14 02:13:58,2020-06-14 02:26:40
2020-06-14 09:10:45,2020-06-14 09:30:59
2020-06-14 22:59:33,2020-06-14 23:20:32
2020-06-15 02:29:44,2020-06-15 02:53:19
2020-06-15 05:38:01,2020-06-15 05:52:28
2020-06-15 06:33:50,2020-06-15 06:41:34
2020-06-15 11:51:48,2020-06-15 12:14:39
2020-06-15 20:29:18,2020-06-15 20:47:14
2020-06-16 03:13:26,2020-06-16 03:20:37
2020-06-16 16:34:10,2020-06-16 16:44:02
2020-06-17 09:59:09,2020-06-17 10:02:28
2020-06-18 00:13:32,2020-06-18 00:26:17
2020-06-18 13:19:21,2020-06-18 13:36:51
2020-06-19 03:24:11,2020-06-19 03:45:05
2020-06-19 03:53:25,2020-06-19 04:06:33
2020-06-19 11:29:41,2020-06-19 11:49:37
2020-06-19 15:40:04,2020-06-19 15:49:59
2020-06-19 17:53:36,2020-06-19 18:08:53
2020-06-19 18:11:14,2020-06-19 18:29:27
2020-06-20 03:36:01,2020-06-20 03:45:18
2020-06-20 21:40:15,2020-06-20 21:56:11
2020-06-21 06:16:34,2020-06-21 06:35:54
2020-06-21 13:15:12,2020-06-21 13:23:21
2020-06-21 20:39:21,2020-06-21 21:02:57
2020-06-22 03:00:18,2020-06-22 03:10:45
2020-06-22 11:32:15,2020-06-22 11:36:15
2020-06-22 16:58:44,2020-06-22 17:13:02
2020-06-23 08:56:38,2020-06-23 09:05:33
2020-06-23 22:05:46,2020-06-23 22:17:38
2020-06-24 02:54:32,2020-06-24 03:03:03
2020-06-24 08:30:13,2020-06-24 08:52:47
2020-06-24 17:52:32,2020-06-24 18:03:03
2020-06-24 20:28:51,2020-06-24 20:41:59
2020-06-25 03:07:46,2020-06-25 03:18:59
2020-06-25 04:59:25,2020-06-25 05:09:43
2020-06-25 09:51:16,2020-06-25 10:02:10
2020-06-25 11:08:39,2020-06-25 11:15:46
2020-06-25 18:53:15,2020-06-25 19:06:27
2020-06-26 07:08:17,2020-06-26 07:13:27
2020-06-26 12:51:51,2020-06-26 13:01:24
2020-06-27 05:55:29,2020-06-27 06:00:47
2020-06-28 00:37:25,2020-06-28 00:41:59
2020-06-28 02:12:52,2020-06-28 02:26:56
2020-06-28 02:32:40,2020-06-28 02:35:56
2020-06-28 09:03:59,2020-06-28 09:18:06
2020-06-29 07:49:56,2020-06-29 08:06:35
2020-06-29 08:13:13,2020-06-29 08:30:12
2020-06-29 10:18:49,2020-06-29 10:39:36
2020-06-29 17:56:16,2020-06-29 18:00:12
2020-06-30 07:55:28,2020-06-30 08:08:44
2020-06-30 10:15:28,2020-06-30 10:18:30
2020-06-30 22:46:44,2020-06-30 23:01:59
2020-07-01 02:33:59,2020-07-01 02:53:41
2020-07-01 14:09:20,2020-07-01 14:23:49
2020-07-02 11:24:20,2020-07-02 11:43:33
2020-07-02 14:27:59,2020-07-02 14:38:45
2020-07-02 18:16:57,2020-07-02 18:30:05
2020-07-02 19:41:30,2020-07-02 19:50:56
2020-07-02 20:06:00,2020-07-02 20:20:10
2020-07-02 21:17:28,2020-07-02 21:28:04
2020-07-02 23:07:19,2020-07-02 23:27:25
2020-07-03 23:01:45,2020-07-03 23:16:19
2020-07-04 05:00:41,2020-07-04 05:12:12
2020-07-04 06:15:02,2020-07-04 06:18:37
2020-07-04 07:24:10,2020-07-04 07:29:54
2020-07-04 09:33:46,2020-07-04 09:41:42
2020-07-04 11:17:28,2020-07-04 11:25:36
2020-07-04 15:29:17,2020-07-04 15:41:23
2020-07-04 21:10:21,2020-07-04 21:19:32
2020-07-05 05:24:01,2020-07-05 05:32:53
2020-07-05 06:57:14,2020-07-05 07:19:52
2020-07-05 22:17:16,2020-07-05 22:20:56
2020-07-06 00:29:45,2020-07-06 00:48:10
2020-07-06 06:46:56,2020-07-06 07:08:25
2020-07-06 11:33:02,2020-07-06 11:40:00
2020-07-06 12:35:54,2020-07-06 12:55:00
2020-07-06 14:09:11,2020-07-06 14:24:21
2020-07-06 17:40:04,2020-07-06 17:43:56
2020-07-06 20:43:13,2020-07-06 20:47:34
2020-07-07 02:10:11,2020-07-07 02:16:51
2020-07-07 11:09:58,2020-07-07 11:23:08
2020-07-07 20:15:08,2020-07-07 20:37:22
2020-07-07 20:58:21,2020-07-07 21:09:03
2020-07-08 00:22:18,2020-07-08 00:34:11
2020-07-08 21:32:03,2020-07-08 21:50:12
2020-07-09 04:15:38,2020-07-09 04:28:34
2020-07-09 09:51:13,2020-07-09 09:55:16
2020-07-09 14:09:46,2020-07-09 14:22:15
2020-07-09 18:05:26,2020-07-09 18:16:06
2020-07-09 19:44:36,2020-07-09 20:01:19
2020-07-10 00:12:19,2020-07-10 00:31:46
2020-07-10 00:47:23,2020-07-10 00:53:01
2020-07-10 01:32:37,2020-07-10 01:49:41
2020-07-10 05:11:03,2020-07-10 05:29:17
2020-07-10 14:21:44,2020-07-10 14:32:03
2020-07-10 20:56:51,2020-07-10 21:14:32
2020-07-10 21:28:28,2020-07-10 21:47:38
2020-07-10 22:34:56,2020-07-10 22:47:36
2020-07-11 23:47:04,2020-07-12 00:03:49
2020-07-12 16:27:17,2020-07-12 16:46:39
2020-07-12 19:24:33,2020-07-12 19:28:55
2020-07-12 22:26:17,2020-07-12 22:49:28
2020-07-12 23:34:18,2020-07-12 23:43:10
2020-07-13 00:16:11,2020-07-13 00:25:25
2020-07-13 02:06:57,2020-07-13 02:16:16
2020-07-13 05:28:24,2020-07-13 05:46:45
2020-07-13 20:53:09,2020-07-13 21:06:46
2020-07-13 22:45:09,2020-07-13 22:54:13
2020-07-14 04:03:01,2020-07-14 04:12:36
2020-07-14 16:19:25,2020-07-14 16:30:20
2020-07-15 03:08:16,2020-07-15 03:12:21
2020-07-15 20:12:56,2020-07-15 20:35:10
2020-07-16 19:21:11,2020-07-16 19:36:18
2020-07-17 18:58:46,2020-07-17 19:16:18
2020-07-18 01:55:54,2020-07-18 02:10:14
2020-07-18 09:09:41,2020-07-18 09:27:03
2020-07-18 09:59:43,2020-07-18 10:16:00
2020-07-18 11:30:13,2020-07-18 11:50:31
2020-07-18 13:56:18,2020-07-18 14:06:57
2020-07-18 16:04:45,2020-07-18 16:11:25
2020-07-19 14:02:15,2020-07-19 14:24:02
2020-07-19 21:16:00,2020-07-19 21:24:36
2020-07-20 01:27:28,2020-07-20 01:44:30
2020-07-20 03:01:53,2020-07-20 03:11:34
2020-07-20 04:45:24,2020-07-20 05:09:00
2020-07-20 18:21:16,2020-07-20 18:44:31
2020-07-20 21:53:31,2020-07-20 22:09:21
2020-07-21 06:53:03,2020-07-21 07:04:42
2020-07-21 07:05:49,2020-07-21 07:15:35
2020-07-21 13:00:54,2020-07-21 13:04:44
2020-07-21 13:12:20,2020-07-21 13:26:11
2020-07-21 17:16:42,2020-07-21 17:19:45
2020-07-21 17:27:44,2020-07-21 17:30:31
2020-07-21 17:39:16,2020-07-21 17:47:42
2020-07-21 21:32:20,2020-07-21 21:35:08
